{"value":"{\"sys_country\":\"NL\",\"avg\":8.650611106554667,\"max\":9.93,\"min\":7.23,\"(max - min)\":2.7000003}"}
{"value":"{\"sys_country\":\"AT\",\"avg\":10.029904765174502,\"max\":12.59,\"min\":6.88,\"(max - min)\":5.71}"}
{"value":"{\"sys_country\":\"DE\",\"avg\":7.306473706479658,\"max\":10.64,\"min\":3.63,\"(max - min)\":7.01}"}
{"value":"{\"sys_country\":\"FR\",\"avg\":10.194999981392478,\"max\":14.73,\"min\":6.64,\"(max - min)\":8.09}"}
{"value":"{\"sys_country\":\"CH\",\"avg\":9.466000011989049,\"max\":10.38,\"min\":8.98,\"(max - min)\":1.4000006}"}
{"value":"{\"sys_country\":\"BE\",\"avg\":8.977285687128703,\"max\":11.08,\"min\":7.86,\"(max - min)\":3.2199998}"}
{"value":"{\"sys_country\":\"LU\",\"avg\":8.450666364034017,\"max\":8.95,\"min\":8.24,\"(max - min)\":0.71000004}"}
